[{"pk": 15, "model": "contenttypes.contenttype", "fields": {"model": "band", "name": "band", "app_label": "shows"}}, {"pk": 5, "model": "contenttypes.contenttype", "fields": {"model": "contenttype", "name": "content type", "app_label": "contenttypes"}}, {"pk": 14, "model": "contenttypes.contenttype", "fields": {"model": "event", "name": "event", "app_label": "shows"}}, {"pk": 17, "model": "contenttypes.contenttype", "fields": {"model": "genre", "name": "genre", "app_label": "shows"}}, {"pk": 2, "model": "contenttypes.contenttype", "fields": {"model": "group", "name": "group", "app_label": "auth"}}, {"pk": 16, "model": "contenttypes.contenttype", "fields": {"model": "logentry", "name": "log entry", "app_label": "admin"}}, {"pk": 4, "model": "contenttypes.contenttype", "fields": {"model": "message", "name": "message", "app_label": "auth"}}, {"pk": 1, "model": "contenttypes.contenttype", "fields": {"model": "permission", "name": "permission", "app_label": "auth"}}, {"pk": 6, "model": "contenttypes.contenttype", "fields": {"model": "session", "name": "session", "app_label": "sessions"}}, {"pk": 7, "model": "contenttypes.contenttype", "fields": {"model": "site", "name": "site", "app_label": "sites"}}, {"pk": 3, "model": "contenttypes.contenttype", "fields": {"model": "user", "name": "user", "app_label": "auth"}}, {"pk": 13, "model": "contenttypes.contenttype", "fields": {"model": "venue", "name": "venue", "app_label": "shows"}}, {"pk": "499fbe7c968bf3ee10e82d3803e8d415", "model": "sessions.session", "fields": {"expire_date": "2011-11-13 01:10:22", "session_data": "gAJ9cQEoVRJfYXV0aF91c2VyX2JhY2tlbmRxAlUpZGphbmdvLmNvbnRyaWIuYXV0aC5iYWNrZW5k\ncy5Nb2RlbEJhY2tlbmRxA1UNX2F1dGhfdXNlcl9pZHEESwF1LjcyOWNiYjBmODQ4MTY4ODFkZGFl\nNWE4NTZiMGI5ODFi\n"}}, {"pk": "45468cf66dfb91c5fb6a7cb94faa69ef", "model": "sessions.session", "fields": {"expire_date": "2011-11-13 01:24:47", "session_data": "gAJ9cQEoVRJfYXV0aF91c2VyX2JhY2tlbmRxAlUpZGphbmdvLmNvbnRyaWIuYXV0aC5iYWNrZW5k\ncy5Nb2RlbEJhY2tlbmRxA1UNX2F1dGhfdXNlcl9pZHEESwF1LjcyOWNiYjBmODQ4MTY4ODFkZGFl\nNWE4NTZiMGI5ODFi\n"}}, {"pk": "031afda59dbcfc6b5873c8bcb3c0069d", "model": "sessions.session", "fields": {"expire_date": "2011-11-13 04:33:03", "session_data": "gAJ9cQEoVRJfYXV0aF91c2VyX2JhY2tlbmRxAlUpZGphbmdvLmNvbnRyaWIuYXV0aC5iYWNrZW5k\ncy5Nb2RlbEJhY2tlbmRxA1UNX2F1dGhfdXNlcl9pZHEESwF1LjcyOWNiYjBmODQ4MTY4ODFkZGFl\nNWE4NTZiMGI5ODFi\n"}}, {"pk": "2d3f45453f96556fb61ec154c736d97c", "model": "sessions.session", "fields": {"expire_date": "2011-11-13 18:38:41", "session_data": "gAJ9cQEoVRJfYXV0aF91c2VyX2JhY2tlbmRxAlUpZGphbmdvLmNvbnRyaWIuYXV0aC5iYWNrZW5k\ncy5Nb2RlbEJhY2tlbmRxA1UNX2F1dGhfdXNlcl9pZHEESwF1LjcyOWNiYjBmODQ4MTY4ODFkZGFl\nNWE4NTZiMGI5ODFi\n"}}, {"pk": "97ee9ab3e44902496ad334eecc2816d9", "model": "sessions.session", "fields": {"expire_date": "2011-11-14 20:55:06", "session_data": "gAJ9cQEoVRJfYXV0aF91c2VyX2JhY2tlbmRxAlUpZGphbmdvLmNvbnRyaWIuYXV0aC5iYWNrZW5k\ncy5Nb2RlbEJhY2tlbmRxA1UNX2F1dGhfdXNlcl9pZHEESwF1LjcyOWNiYjBmODQ4MTY4ODFkZGFl\nNWE4NTZiMGI5ODFi\n"}}, {"pk": "7daad510166f52d97a088802afd53e73", "model": "sessions.session", "fields": {"expire_date": "2011-11-15 20:57:17", "session_data": "gAJ9cQEoVRJfYXV0aF91c2VyX2JhY2tlbmRxAlUpZGphbmdvLmNvbnRyaWIuYXV0aC5iYWNrZW5k\ncy5Nb2RlbEJhY2tlbmRxA1UNX2F1dGhfdXNlcl9pZHEESwF1LjcyOWNiYjBmODQ4MTY4ODFkZGFl\nNWE4NTZiMGI5ODFi\n"}}, {"pk": "1042a2a974395c0db0f2dfe2bfd8d17e", "model": "sessions.session", "fields": {"expire_date": "2011-11-15 21:07:10", "session_data": "gAJ9cQEoVRJfYXV0aF91c2VyX2JhY2tlbmRxAlUpZGphbmdvLmNvbnRyaWIuYXV0aC5iYWNrZW5k\ncy5Nb2RlbEJhY2tlbmRxA1UNX2F1dGhfdXNlcl9pZHEESwF1LjcyOWNiYjBmODQ4MTY4ODFkZGFl\nNWE4NTZiMGI5ODFi\n"}}, {"pk": "7deb7e60576d7c3643ba878f4ff72a09", "model": "sessions.session", "fields": {"expire_date": "2011-11-20 14:57:54", "session_data": "gAJ9cQEoVRJfYXV0aF91c2VyX2JhY2tlbmRxAlUpZGphbmdvLmNvbnRyaWIuYXV0aC5iYWNrZW5k\ncy5Nb2RlbEJhY2tlbmRxA1UNX2F1dGhfdXNlcl9pZHEESwF1LjcyOWNiYjBmODQ4MTY4ODFkZGFl\nNWE4NTZiMGI5ODFi\n"}}, {"pk": "5673e50613955002463a419cecf0df9e", "model": "sessions.session", "fields": {"expire_date": "2011-11-22 19:26:51", "session_data": "gAJ9cQEoVRJfYXV0aF91c2VyX2JhY2tlbmRxAlUpZGphbmdvLmNvbnRyaWIuYXV0aC5iYWNrZW5k\ncy5Nb2RlbEJhY2tlbmRxA1UNX2F1dGhfdXNlcl9pZHEESwF1LjcyOWNiYjBmODQ4MTY4ODFkZGFl\nNWE4NTZiMGI5ODFi\n"}}, {"pk": "6c620ff5bb43cc73326be052d8950c1f", "model": "sessions.session", "fields": {"expire_date": "2011-11-26 10:59:46", "session_data": "gAJ9cQEoVRJfYXV0aF91c2VyX2JhY2tlbmRxAlUpZGphbmdvLmNvbnRyaWIuYXV0aC5iYWNrZW5k\ncy5Nb2RlbEJhY2tlbmRxA1UNX2F1dGhfdXNlcl9pZHEESwF1LjcyOWNiYjBmODQ4MTY4ODFkZGFl\nNWE4NTZiMGI5ODFi\n"}}, {"pk": "5f299162bb8d6bc79c9a9cf30849c8f1", "model": "sessions.session", "fields": {"expire_date": "2011-11-27 20:59:52", "session_data": "gAJ9cQEoVRJfYXV0aF91c2VyX2JhY2tlbmRxAlUpZGphbmdvLmNvbnRyaWIuYXV0aC5iYWNrZW5k\ncy5Nb2RlbEJhY2tlbmRxA1UNX2F1dGhfdXNlcl9pZHEESwF1LjcyOWNiYjBmODQ4MTY4ODFkZGFl\nNWE4NTZiMGI5ODFi\n"}}, {"pk": "5cd14fa0738311b390d199302990b079", "model": "sessions.session", "fields": {"expire_date": "2011-11-27 21:10:05", "session_data": "gAJ9cQEoVRJfYXV0aF91c2VyX2JhY2tlbmRxAlUpZGphbmdvLmNvbnRyaWIuYXV0aC5iYWNrZW5k\ncy5Nb2RlbEJhY2tlbmRxA1UNX2F1dGhfdXNlcl9pZHEESwF1LjcyOWNiYjBmODQ4MTY4ODFkZGFl\nNWE4NTZiMGI5ODFi\n"}}, {"pk": "3b8ba2d086d1f9fa618016b3de6b6241", "model": "sessions.session", "fields": {"expire_date": "2011-12-06 16:08:31", "session_data": "gAJ9cQEoVRJfYXV0aF91c2VyX2JhY2tlbmRxAlUpZGphbmdvLmNvbnRyaWIuYXV0aC5iYWNrZW5k\ncy5Nb2RlbEJhY2tlbmRxA1UNX2F1dGhfdXNlcl9pZHEESwF1LjcyOWNiYjBmODQ4MTY4ODFkZGFl\nNWE4NTZiMGI5ODFi\n"}}, {"pk": "685cd8010a34ca96343c28bbb4e9b65f", "model": "sessions.session", "fields": {"expire_date": "2011-12-10 22:00:36", "session_data": "gAJ9cQEoVRJfYXV0aF91c2VyX2JhY2tlbmRxAlUpZGphbmdvLmNvbnRyaWIuYXV0aC5iYWNrZW5k\ncy5Nb2RlbEJhY2tlbmRxA1UNX2F1dGhfdXNlcl9pZHEESwF1LjcyOWNiYjBmODQ4MTY4ODFkZGFl\nNWE4NTZiMGI5ODFi\n"}}, {"pk": "ef5a82b5937ff207ee73af5c4c0bea52", "model": "sessions.session", "fields": {"expire_date": "2011-12-13 18:33:05", "session_data": "gAJ9cQEoVRJfYXV0aF91c2VyX2JhY2tlbmRxAlUpZGphbmdvLmNvbnRyaWIuYXV0aC5iYWNrZW5k\ncy5Nb2RlbEJhY2tlbmRxA1UNX2F1dGhfdXNlcl9pZHEESwF1LjcyOWNiYjBmODQ4MTY4ODFkZGFl\nNWE4NTZiMGI5ODFi\n"}}, {"pk": "44a8057db344a8d92bf4def333fee9fd", "model": "sessions.session", "fields": {"expire_date": "2011-12-15 20:07:14", "session_data": "gAJ9cQEoVRJfYXV0aF91c2VyX2JhY2tlbmRxAlUpZGphbmdvLmNvbnRyaWIuYXV0aC5iYWNrZW5k\ncy5Nb2RlbEJhY2tlbmRxA1UNX2F1dGhfdXNlcl9pZHEESwF1LjcyOWNiYjBmODQ4MTY4ODFkZGFl\nNWE4NTZiMGI5ODFi\n"}}, {"pk": 1, "model": "sites.site", "fields": {"domain": "example.com", "name": "example.com"}}, {"pk": 1, "model": "shows.venue", "fields": {"city": "Lincoln", "venue_name": "The ZOO Bar", "venue_website": "www.zoobar.com", "phone": "402-435-8754", "state": "NE", "email": "info@zoobar.com", "street_address": "136 N. 14th St.", "zip_code": "68508"}}, {"pk": 2, "model": "shows.venue", "fields": {"city": "Lincoln", "venue_name": "Duffy's Tavern", "venue_website": "duffyslincoln.com", "phone": "402-474-3543", "state": "NE", "email": "management@duffyslincoln.com", "street_address": "1412 O St.", "zip_code": "68508"}}, {"pk": 3, "model": "shows.venue", "fields": {"city": "Lincoln", "venue_name": "Bourbon Theatre", "venue_website": "www.bourbontheatre.com", "phone": "402-477-4776", "state": "NE", "email": "booking@bourbontheatre.com", "street_address": "1415 O Street", "zip_code": "68508"}}, {"pk": 4, "model": "shows.venue", "fields": {"city": "Lincoln", "venue_name": "Knickerbockers", "venue_website": "www.knickerbockers.net", "phone": "402-476-6865", "state": "NE", "email": "mail@knickerbockers.net", "street_address": "901 O Street", "zip_code": "68508"}}, {"pk": 1, "model": "shows.genre", "fields": {"genre": "Blues"}}, {"pk": 2, "model": "shows.genre", "fields": {"genre": "Hip Hop"}}, {"pk": 3, "model": "shows.genre", "fields": {"genre": "Funk"}}, {"pk": 4, "model": "shows.genre", "fields": {"genre": "Pop"}}, {"pk": 5, "model": "shows.genre", "fields": {"genre": "Rock"}}, {"pk": 6, "model": "shows.genre", "fields": {"genre": "Jazz"}}, {"pk": 7, "model": "shows.genre", "fields": {"genre": "Acoustic"}}, {"pk": 8, "model": "shows.genre", "fields": {"genre": "Folk"}}, {"pk": 9, "model": "shows.genre", "fields": {"genre": "Indie"}}, {"pk": 10, "model": "shows.genre", "fields": {"genre": "Roots"}}, {"pk": 11, "model": "shows.genre", "fields": {"genre": "Punk"}}, {"pk": 12, "model": "shows.genre", "fields": {"genre": "Alternative"}}, {"pk": 13, "model": "shows.genre", "fields": {"genre": "Reggae"}}, {"pk": 14, "model": "shows.genre", "fields": {"genre": "Ska"}}, {"pk": 15, "model": "shows.genre", "fields": {"genre": "Electronic"}}, {"pk": 16, "model": "shows.genre", "fields": {"genre": "Other"}}, {"pk": 17, "model": "shows.genre", "fields": {"genre": "Unknown"}}, {"pk": 18, "model": "shows.genre", "fields": {"genre": "Garage"}}, {"pk": 19, "model": "shows.genre", "fields": {"genre": "Glam"}}, {"pk": 1, "model": "shows.band", "fields": {"band_name": "John Primer", "band_website": "www.johnprimerblues.com", "band_genres": [1]}}, {"pk": 2, "model": "shows.band", "fields": {"band_name": "Time Hammer", "band_website": "timehammer.bandcamp.com", "band_genres": [2, 3, 4, 5]}}, {"pk": 3, "model": "shows.band", "fields": {"band_name": "Sputnik Kaputnik & The Cherry Mashers", "band_website": "www.facebook.com/pages/Sputnik-Kaputnik-and-the-Cherry-Mashers/109069475847435", "band_genres": [5]}}, {"pk": 4, "model": "shows.band", "fields": {"band_name": "Dog", "band_website": "none", "band_genres": [5]}}, {"pk": 5, "model": "shows.band", "fields": {"band_name": "Funk Trek", "band_website": "www.myspace.com/funktrek", "band_genres": [3, 6]}}, {"pk": 6, "model": "shows.band", "fields": {"band_name": "TEMPO", "band_website": "www.myspace.com/urtempo", "band_genres": [5, 7]}}, {"pk": 7, "model": "shows.band", "fields": {"band_name": "Solid Gold", "band_website": "www.myspace.com/sawleadgold", "band_genres": [3]}}, {"pk": 8, "model": "shows.band", "fields": {"band_name": "The Ready Set", "band_website": "www.thereadyset.com", "band_genres": [4]}}, {"pk": 9, "model": "shows.band", "fields": {"band_name": "Thomas Kivi", "band_website": "www.reverbnation.com/thomaskivi", "band_genres": [8]}}, {"pk": 10, "model": "shows.band", "fields": {"band_name": "Smith's Cloud", "band_website": "www.myspace.com/smithscloud", "band_genres": [1, 4, 5]}}, {"pk": 11, "model": "shows.band", "fields": {"band_name": "Josh Garrett & The Bottom Line", "band_website": "www.joshgarrett.org", "band_genres": [1, 10]}}, {"pk": 12, "model": "shows.band", "fields": {"band_name": "Popa Chubby", "band_website": "www.popachubby.com", "band_genres": [1, 5]}}, {"pk": 13, "model": "shows.band", "fields": {"band_name": "Academy of Rock", "band_website": "www.academyofrock.org", "band_genres": [1, 4, 5]}}, {"pk": 14, "model": "shows.band", "fields": {"band_name": "The Killigans", "band_website": "www.thekilligans.com", "band_genres": [5, 8, 11]}}, {"pk": 15, "model": "shows.band", "fields": {"band_name": "Bent Left", "band_website": "www.bentleft.com", "band_genres": [5, 11]}}, {"pk": 16, "model": "shows.band", "fields": {"band_name": "The Last Slice ", "band_website": "www.myspace.com/thelastslice", "band_genres": [12, 13, 14]}}, {"pk": 17, "model": "shows.band", "fields": {"band_name": "UUVVWWZ", "band_website": "www.facebook.com/uuvvwwz", "band_genres": [12]}}, {"pk": 18, "model": "shows.band", "fields": {"band_name": "Talking Mountain", "band_website": "www.myspace.com/talkingmountain", "band_genres": [4]}}, {"pk": 19, "model": "shows.band", "fields": {"band_name": "Powerful Science", "band_website": "www.myspace.com/powerfulscience", "band_genres": [4]}}, {"pk": 20, "model": "shows.band", "fields": {"band_name": "My Brother", "band_website": "none", "band_genres": [5]}}, {"pk": 21, "model": "shows.band", "fields": {"band_name": "FreakAbout", "band_website": "www.purevolume.com/freakabout", "band_genres": [5, 7]}}, {"pk": 22, "model": "shows.band", "fields": {"band_name": "All My Friends Are Dinosaurs", "band_website": "www.facebook.com/allmyfriendsaredinosaurs", "band_genres": [4, 5]}}, {"pk": 23, "model": "shows.band", "fields": {"band_name": "Lonely Estates", "band_website": "www.facebook.com/lonelyestates", "band_genres": [5]}}, {"pk": 24, "model": "shows.band", "fields": {"band_name": "Bad Speler", "band_website": "www.myspace.com/badspeler", "band_genres": [2, 15]}}, {"pk": 25, "model": "shows.band", "fields": {"band_name": "Winners", "band_website": "none", "band_genres": [17]}}, {"pk": 26, "model": "shows.band", "fields": {"band_name": "The Whole Shabangs", "band_website": "none", "band_genres": [17]}}, {"pk": 27, "model": "shows.band", "fields": {"band_name": "Universe Contest", "band_website": "winners.bandcamp.com", "band_genres": [5]}}, {"pk": 28, "model": "shows.band", "fields": {"band_name": "The Renfields", "band_website": "www.myspace.com/thewrenfields", "band_genres": [4, 12, 16]}}, {"pk": 29, "model": "shows.band", "fields": {"band_name": "The Favors", "band_website": "www.myspace.com/wearethefavors", "band_genres": [5, 18, 19]}}, {"pk": 30, "model": "shows.band", "fields": {"band_name": "JackyL", "band_website": "www.rockmerollmejackylmeoff.com", "band_genres": [5]}}, {"pk": 31, "model": "shows.band", "fields": {"band_name": "Paisty Jenny", "band_website": "www.paistyjenny.com", "band_genres": [5, 12]}}, {"pk": 1, "model": "shows.event", "fields": {"venue_name": 1, "event_name": "John Primer", "start_time": "18:00:00", "cover": "10-14", "event_genres": [1], "event_date": "2011-12-07", "band_names": [1]}}, {"pk": 2, "model": "shows.event", "fields": {"venue_name": 2, "event_name": "Time Hammer, Dog, Sputnik Kaputnik", "start_time": "21:30:00", "cover": "5-9", "event_genres": [2, 3, 4, 5], "event_date": "2011-12-07", "band_names": [2, 3, 4]}}, {"pk": 3, "model": "shows.event", "fields": {"venue_name": 1, "event_name": "Funk Trek, Tempo, Solid Gold", "start_time": "21:00:00", "cover": "5-9", "event_genres": [3, 5], "event_date": "2011-12-08", "band_names": [5, 6, 7]}}, {"pk": 4, "model": "shows.event", "fields": {"venue_name": 3, "event_name": "The Ready Set", "start_time": "18:00:00", "cover": "15-19", "event_genres": [4], "event_date": "2011-12-07", "band_names": [8]}}, {"pk": 5, "model": "shows.event", "fields": {"venue_name": 3, "event_name": "Thomas Kivi & Smith's Cloud", "start_time": "20:00:00", "cover": "0", "event_genres": [1, 4, 5, 8], "event_date": "2011-12-08", "band_names": [9, 10]}}, {"pk": 6, "model": "shows.event", "fields": {"venue_name": 1, "event_name": "Josh Garrett & The Bottom Line", "start_time": "21:00:00", "cover": "5-9", "event_genres": [1, 10], "event_date": "2011-12-10", "band_names": [11]}}, {"pk": 7, "model": "shows.event", "fields": {"venue_name": 1, "event_name": "Popa Chubby", "start_time": "18:00:00", "cover": "10-14", "event_genres": [1, 5], "event_date": "2011-12-11", "band_names": [12]}}, {"pk": 8, "model": "shows.event", "fields": {"venue_name": 4, "event_name": "Academy of Rock Showcase", "start_time": "18:00:00", "cover": "1-4", "event_genres": [1, 4, 5], "event_date": "2011-12-10", "band_names": [13]}}, {"pk": 9, "model": "shows.event", "fields": {"venue_name": 4, "event_name": "The Killigans Christmas Sweater Show", "start_time": "21:00:00", "cover": "unknown", "event_genres": [5, 8, 11, 12, 13, 14], "event_date": "2011-12-10", "band_names": [14, 15, 16]}}, {"pk": 10, "model": "shows.event", "fields": {"venue_name": 1, "event_name": "Academy of Rock Showcase", "start_time": "18:00:00", "cover": "1-4", "event_genres": [1, 4, 5], "event_date": "2011-12-15", "band_names": [13]}}, {"pk": 11, "model": "shows.event", "fields": {"venue_name": 4, "event_name": "FreakAbout, All My Friends Are Dinosaurs, Lonely Estates", "start_time": "21:00:00", "cover": "unknown", "event_genres": [4, 5, 7], "event_date": "2011-12-09", "band_names": [21, 22, 23]}}, {"pk": 12, "model": "shows.event", "fields": {"venue_name": 4, "event_name": "UUVVWWZ, Talking Mountain, Powerful Science", "start_time": "21:00:00", "cover": "unknown", "event_genres": [4, 5], "event_date": "2011-12-16", "band_names": [17, 18, 19]}}, {"pk": 13, "model": "shows.event", "fields": {"venue_name": 2, "event_name": "Bad Speler, Powerful Science, Winners, The Whole Shabangs", "start_time": "21:00:00", "cover": "unknown", "event_genres": [2, 4, 15, 16], "event_date": "2011-12-21", "band_names": [19, 24, 25, 26]}}, {"pk": 14, "model": "shows.event", "fields": {"venue_name": 2, "event_name": "Universe Contest CD Release Show", "start_time": "21:00:00", "cover": "unknown", "event_genres": [4, 5, 12, 16, 18, 19], "event_date": "2011-12-07", "band_names": [27, 28, 29]}}, {"pk": 15, "model": "shows.event", "fields": {"venue_name": 3, "event_name": "JackyL", "start_time": "20:00:00", "cover": "15-19", "event_genres": [5, 12], "event_date": "2011-12-15", "band_names": [30, 31]}}, {"pk": 185, "model": "admin.logentry", "fields": {"action_flag": 1, "action_time": "2011-12-01 22:03:38", "object_repr": "JackyL", "object_id": "15", "change_message": "", "user": 1, "content_type": 14}}, {"pk": 184, "model": "admin.logentry", "fields": {"action_flag": 1, "action_time": "2011-12-01 22:03:30", "object_repr": "Paisty Jenny", "object_id": "31", "change_message": "", "user": 1, "content_type": 15}}, {"pk": 183, "model": "admin.logentry", "fields": {"action_flag": 1, "action_time": "2011-12-01 22:02:45", "object_repr": "JackyL", "object_id": "30", "change_message": "", "user": 1, "content_type": 15}}, {"pk": 182, "model": "admin.logentry", "fields": {"action_flag": 2, "action_time": "2011-12-01 21:59:08", "object_repr": "Universe Contest CD Release Show", "object_id": "14", "change_message": "Changed event_genres.", "user": 1, "content_type": 14}}, {"pk": 181, "model": "admin.logentry", "fields": {"action_flag": 1, "action_time": "2011-12-01 21:58:59", "object_repr": "Universe Contest CD Release Show", "object_id": "14", "change_message": "", "user": 1, "content_type": 14}}, {"pk": 180, "model": "admin.logentry", "fields": {"action_flag": 1, "action_time": "2011-12-01 21:58:56", "object_repr": "The Favors", "object_id": "29", "change_message": "", "user": 1, "content_type": 15}}, {"pk": 179, "model": "admin.logentry", "fields": {"action_flag": 1, "action_time": "2011-12-01 21:58:51", "object_repr": "Glam", "object_id": "19", "change_message": "", "user": 1, "content_type": 17}}, {"pk": 178, "model": "admin.logentry", "fields": {"action_flag": 1, "action_time": "2011-12-01 21:58:49", "object_repr": "Garage", "object_id": "18", "change_message": "", "user": 1, "content_type": 17}}, {"pk": 177, "model": "admin.logentry", "fields": {"action_flag": 1, "action_time": "2011-12-01 21:54:51", "object_repr": "The Renfields", "object_id": "28", "change_message": "", "user": 1, "content_type": 15}}, {"pk": 176, "model": "admin.logentry", "fields": {"action_flag": 1, "action_time": "2011-12-01 21:53:44", "object_repr": "Universe Contest", "object_id": "27", "change_message": "", "user": 1, "content_type": 15}}, {"pk": 175, "model": "admin.logentry", "fields": {"action_flag": 1, "action_time": "2011-12-01 21:50:05", "object_repr": "Bad Speler, Powerful Science, Winners, The Whole Shabangs", "object_id": "13", "change_message": "", "user": 1, "content_type": 14}}, {"pk": 174, "model": "admin.logentry", "fields": {"action_flag": 1, "action_time": "2011-12-01 21:48:24", "object_repr": "The Whole Shabangs", "object_id": "26", "change_message": "", "user": 1, "content_type": 15}}, {"pk": 173, "model": "admin.logentry", "fields": {"action_flag": 1, "action_time": "2011-12-01 21:46:14", "object_repr": "Winners", "object_id": "25", "change_message": "", "user": 1, "content_type": 15}}, {"pk": 172, "model": "admin.logentry", "fields": {"action_flag": 1, "action_time": "2011-12-01 21:46:11", "object_repr": "Unknown", "object_id": "17", "change_message": "", "user": 1, "content_type": 17}}, {"pk": 171, "model": "admin.logentry", "fields": {"action_flag": 1, "action_time": "2011-12-01 21:46:02", "object_repr": "Other", "object_id": "16", "change_message": "", "user": 1, "content_type": 17}}, {"pk": 170, "model": "admin.logentry", "fields": {"action_flag": 1, "action_time": "2011-12-01 21:44:58", "object_repr": "Bad Speler", "object_id": "24", "change_message": "", "user": 1, "content_type": 15}}, {"pk": 169, "model": "admin.logentry", "fields": {"action_flag": 1, "action_time": "2011-12-01 21:44:54", "object_repr": "Electronic", "object_id": "15", "change_message": "", "user": 1, "content_type": 17}}, {"pk": 168, "model": "admin.logentry", "fields": {"action_flag": 1, "action_time": "2011-12-01 21:09:25", "object_repr": "UUVVWWZ, Talking Mountain, Powerful Science", "object_id": "12", "change_message": "", "user": 1, "content_type": 14}}, {"pk": 167, "model": "admin.logentry", "fields": {"action_flag": 1, "action_time": "2011-12-01 21:08:30", "object_repr": "FreakAbout, All My Friends Are Dinosaurs, Lonely Estates", "object_id": "11", "change_message": "", "user": 1, "content_type": 14}}, {"pk": 166, "model": "admin.logentry", "fields": {"action_flag": 1, "action_time": "2011-12-01 21:07:02", "object_repr": "Lonely Estates", "object_id": "23", "change_message": "", "user": 1, "content_type": 15}}, {"pk": 165, "model": "admin.logentry", "fields": {"action_flag": 1, "action_time": "2011-12-01 21:05:32", "object_repr": "All My Friends Are Dinosaurs", "object_id": "22", "change_message": "", "user": 1, "content_type": 15}}, {"pk": 164, "model": "admin.logentry", "fields": {"action_flag": 1, "action_time": "2011-12-01 21:03:24", "object_repr": "FreakAbout", "object_id": "21", "change_message": "", "user": 1, "content_type": 15}}, {"pk": 163, "model": "admin.logentry", "fields": {"action_flag": 1, "action_time": "2011-12-01 20:58:52", "object_repr": "My Brother", "object_id": "20", "change_message": "", "user": 1, "content_type": 15}}, {"pk": 162, "model": "admin.logentry", "fields": {"action_flag": 1, "action_time": "2011-12-01 20:57:30", "object_repr": "Powerful Science", "object_id": "19", "change_message": "", "user": 1, "content_type": 15}}, {"pk": 161, "model": "admin.logentry", "fields": {"action_flag": 1, "action_time": "2011-12-01 20:56:17", "object_repr": "Talking Mountain", "object_id": "18", "change_message": "", "user": 1, "content_type": 15}}, {"pk": 160, "model": "admin.logentry", "fields": {"action_flag": 1, "action_time": "2011-12-01 20:55:44", "object_repr": "UUVVWWZ", "object_id": "17", "change_message": "", "user": 1, "content_type": 15}}, {"pk": 159, "model": "admin.logentry", "fields": {"action_flag": 1, "action_time": "2011-12-01 20:33:33", "object_repr": "Academy of Rock Showcase", "object_id": "10", "change_message": "", "user": 1, "content_type": 14}}, {"pk": 158, "model": "admin.logentry", "fields": {"action_flag": 1, "action_time": "2011-12-01 20:27:26", "object_repr": "The Killigans Christmas Sweater Show", "object_id": "9", "change_message": "", "user": 1, "content_type": 14}}, {"pk": 157, "model": "admin.logentry", "fields": {"action_flag": 1, "action_time": "2011-12-01 20:26:16", "object_repr": "Academy of Rock Showcase", "object_id": "8", "change_message": "", "user": 1, "content_type": 14}}, {"pk": 156, "model": "admin.logentry", "fields": {"action_flag": 1, "action_time": "2011-12-01 20:25:20", "object_repr": "The Last Slice ", "object_id": "16", "change_message": "", "user": 1, "content_type": 15}}, {"pk": 155, "model": "admin.logentry", "fields": {"action_flag": 1, "action_time": "2011-12-01 20:25:18", "object_repr": "Ska", "object_id": "14", "change_message": "", "user": 1, "content_type": 17}}, {"pk": 154, "model": "admin.logentry", "fields": {"action_flag": 1, "action_time": "2011-12-01 20:25:07", "object_repr": "Reggae", "object_id": "13", "change_message": "", "user": 1, "content_type": 17}}, {"pk": 153, "model": "admin.logentry", "fields": {"action_flag": 1, "action_time": "2011-12-01 20:25:01", "object_repr": "Alternative", "object_id": "12", "change_message": "", "user": 1, "content_type": 17}}, {"pk": 152, "model": "admin.logentry", "fields": {"action_flag": 1, "action_time": "2011-12-01 20:23:04", "object_repr": "Bent Left", "object_id": "15", "change_message": "", "user": 1, "content_type": 15}}, {"pk": 151, "model": "admin.logentry", "fields": {"action_flag": 1, "action_time": "2011-12-01 20:20:26", "object_repr": "The Killigans", "object_id": "14", "change_message": "", "user": 1, "content_type": 15}}, {"pk": 150, "model": "admin.logentry", "fields": {"action_flag": 1, "action_time": "2011-12-01 20:20:24", "object_repr": "Punk", "object_id": "11", "change_message": "", "user": 1, "content_type": 17}}, {"pk": 149, "model": "admin.logentry", "fields": {"action_flag": 1, "action_time": "2011-12-01 20:19:33", "object_repr": "Academy of Rock", "object_id": "13", "change_message": "", "user": 1, "content_type": 15}}, {"pk": 148, "model": "admin.logentry", "fields": {"action_flag": 1, "action_time": "2011-12-01 20:18:06", "object_repr": "Knickerbockers", "object_id": "4", "change_message": "", "user": 1, "content_type": 13}}, {"pk": 147, "model": "admin.logentry", "fields": {"action_flag": 1, "action_time": "2011-12-01 20:12:53", "object_repr": "Popa Chubby", "object_id": "7", "change_message": "", "user": 1, "content_type": 14}}, {"pk": 146, "model": "admin.logentry", "fields": {"action_flag": 1, "action_time": "2011-12-01 20:12:40", "object_repr": "Popa Chubby", "object_id": "12", "change_message": "", "user": 1, "content_type": 15}}, {"pk": 145, "model": "admin.logentry", "fields": {"action_flag": 2, "action_time": "2011-12-01 20:11:04", "object_repr": "Josh Garrett & The Bottom Line", "object_id": "6", "change_message": "Changed event_genres.", "user": 1, "content_type": 14}}, {"pk": 144, "model": "admin.logentry", "fields": {"action_flag": 1, "action_time": "2011-12-01 20:10:54", "object_repr": "Josh Garrett & The Bottom Line", "object_id": "6", "change_message": "", "user": 1, "content_type": 14}}, {"pk": 143, "model": "admin.logentry", "fields": {"action_flag": 1, "action_time": "2011-12-01 20:10:45", "object_repr": "Josh Garrett & The Bottom Line", "object_id": "11", "change_message": "", "user": 1, "content_type": 15}}, {"pk": 142, "model": "admin.logentry", "fields": {"action_flag": 1, "action_time": "2011-12-01 20:10:37", "object_repr": "Roots", "object_id": "10", "change_message": "", "user": 1, "content_type": 17}}, {"pk": 141, "model": "admin.logentry", "fields": {"action_flag": 1, "action_time": "2011-11-29 19:55:54", "object_repr": "Indie", "object_id": "9", "change_message": "", "user": 1, "content_type": 17}}, {"pk": 140, "model": "admin.logentry", "fields": {"action_flag": 2, "action_time": "2011-11-29 19:03:51", "object_repr": "Thomas Kivi & Smith's Cloud", "object_id": "5", "change_message": "Changed event_genres.", "user": 1, "content_type": 14}}, {"pk": 139, "model": "admin.logentry", "fields": {"action_flag": 3, "action_time": "2011-11-29 19:03:26", "object_repr": "Folk", "object_id": "9", "change_message": "", "user": 1, "content_type": 17}}, {"pk": 138, "model": "admin.logentry", "fields": {"action_flag": 1, "action_time": "2011-11-29 19:01:24", "object_repr": "Thomas Kivi & Smith's Cloud", "object_id": "5", "change_message": "", "user": 1, "content_type": 14}}, {"pk": 137, "model": "admin.logentry", "fields": {"action_flag": 1, "action_time": "2011-11-29 19:01:14", "object_repr": "Smith's Cloud", "object_id": "10", "change_message": "", "user": 1, "content_type": 15}}, {"pk": 136, "model": "admin.logentry", "fields": {"action_flag": 1, "action_time": "2011-11-29 19:00:23", "object_repr": "Folk", "object_id": "9", "change_message": "", "user": 1, "content_type": 17}}, {"pk": 135, "model": "admin.logentry", "fields": {"action_flag": 1, "action_time": "2011-11-29 19:00:08", "object_repr": "Thomas Kivi", "object_id": "9", "change_message": "", "user": 1, "content_type": 15}}, {"pk": 134, "model": "admin.logentry", "fields": {"action_flag": 1, "action_time": "2011-11-29 19:00:05", "object_repr": "Folk", "object_id": "8", "change_message": "", "user": 1, "content_type": 17}}, {"pk": 133, "model": "admin.logentry", "fields": {"action_flag": 1, "action_time": "2011-11-29 18:58:02", "object_repr": "The Ready Set", "object_id": "4", "change_message": "", "user": 1, "content_type": 14}}, {"pk": 132, "model": "admin.logentry", "fields": {"action_flag": 1, "action_time": "2011-11-29 18:57:50", "object_repr": "The Ready Set", "object_id": "8", "change_message": "", "user": 1, "content_type": 15}}, {"pk": 131, "model": "admin.logentry", "fields": {"action_flag": 1, "action_time": "2011-11-29 18:51:49", "object_repr": "Bourbon Theatre", "object_id": "3", "change_message": "", "user": 1, "content_type": 13}}, {"pk": 130, "model": "admin.logentry", "fields": {"action_flag": 2, "action_time": "2011-11-13 23:06:00", "object_repr": "Time Hammer, Dog, Sputnik Kaputnik", "object_id": "2", "change_message": "Changed venue_name.", "user": 1, "content_type": 14}}, {"pk": 129, "model": "admin.logentry", "fields": {"action_flag": 1, "action_time": "2011-11-13 23:00:24", "object_repr": "Duffy's Tavern", "object_id": "2", "change_message": "", "user": 1, "content_type": 13}}, {"pk": 128, "model": "admin.logentry", "fields": {"action_flag": 1, "action_time": "2011-11-13 21:37:21", "object_repr": "Funk Trek, Tempo, Solid Gold", "object_id": "3", "change_message": "", "user": 1, "content_type": 14}}, {"pk": 127, "model": "admin.logentry", "fields": {"action_flag": 1, "action_time": "2011-11-13 21:37:12", "object_repr": "Solid Gold", "object_id": "7", "change_message": "", "user": 1, "content_type": 15}}, {"pk": 126, "model": "admin.logentry", "fields": {"action_flag": 1, "action_time": "2011-11-13 21:34:47", "object_repr": "TEMPO", "object_id": "6", "change_message": "", "user": 1, "content_type": 15}}, {"pk": 125, "model": "admin.logentry", "fields": {"action_flag": 1, "action_time": "2011-11-13 21:34:41", "object_repr": "Acoustic", "object_id": "7", "change_message": "", "user": 1, "content_type": 17}}, {"pk": 124, "model": "admin.logentry", "fields": {"action_flag": 1, "action_time": "2011-11-13 21:33:39", "object_repr": "Funk Trek", "object_id": "5", "change_message": "", "user": 1, "content_type": 15}}, {"pk": 123, "model": "admin.logentry", "fields": {"action_flag": 1, "action_time": "2011-11-13 21:33:28", "object_repr": "Jazz", "object_id": "6", "change_message": "", "user": 1, "content_type": 17}}, {"pk": 122, "model": "admin.logentry", "fields": {"action_flag": 1, "action_time": "2011-11-13 21:32:08", "object_repr": "Time Hammer, Dog, Sputnik Kaputnik", "object_id": "2", "change_message": "", "user": 1, "content_type": 14}}, {"pk": 121, "model": "admin.logentry", "fields": {"action_flag": 1, "action_time": "2011-11-13 21:32:02", "object_repr": "Dog", "object_id": "4", "change_message": "", "user": 1, "content_type": 15}}, {"pk": 120, "model": "admin.logentry", "fields": {"action_flag": 1, "action_time": "2011-11-13 21:31:45", "object_repr": "Sputnik Kaputnik & The Cherry Mashers", "object_id": "3", "change_message": "", "user": 1, "content_type": 15}}, {"pk": 119, "model": "admin.logentry", "fields": {"action_flag": 1, "action_time": "2011-11-13 21:29:26", "object_repr": "Time Hammer", "object_id": "2", "change_message": "", "user": 1, "content_type": 15}}, {"pk": 118, "model": "admin.logentry", "fields": {"action_flag": 1, "action_time": "2011-11-13 21:29:18", "object_repr": "Rock", "object_id": "5", "change_message": "", "user": 1, "content_type": 17}}, {"pk": 117, "model": "admin.logentry", "fields": {"action_flag": 1, "action_time": "2011-11-13 21:29:02", "object_repr": "Pop", "object_id": "4", "change_message": "", "user": 1, "content_type": 17}}, {"pk": 116, "model": "admin.logentry", "fields": {"action_flag": 1, "action_time": "2011-11-13 21:28:53", "object_repr": "Funk", "object_id": "3", "change_message": "", "user": 1, "content_type": 17}}, {"pk": 115, "model": "admin.logentry", "fields": {"action_flag": 1, "action_time": "2011-11-13 21:28:47", "object_repr": "Hip Hop", "object_id": "2", "change_message": "", "user": 1, "content_type": 17}}, {"pk": 114, "model": "admin.logentry", "fields": {"action_flag": 1, "action_time": "2011-11-13 21:25:46", "object_repr": "John Primer", "object_id": "1", "change_message": "", "user": 1, "content_type": 14}}, {"pk": 113, "model": "admin.logentry", "fields": {"action_flag": 1, "action_time": "2011-11-13 21:25:22", "object_repr": "John Primer", "object_id": "1", "change_message": "", "user": 1, "content_type": 15}}, {"pk": 112, "model": "admin.logentry", "fields": {"action_flag": 1, "action_time": "2011-11-13 21:25:17", "object_repr": "Blues", "object_id": "1", "change_message": "", "user": 1, "content_type": 17}}, {"pk": 111, "model": "admin.logentry", "fields": {"action_flag": 1, "action_time": "2011-11-13 21:23:36", "object_repr": "The ZOO Bar", "object_id": "1", "change_message": "", "user": 1, "content_type": 13}}, {"pk": 110, "model": "admin.logentry", "fields": {"action_flag": 1, "action_time": "2011-11-13 21:02:01", "object_repr": "ZOO Bar", "object_id": "1", "change_message": "", "user": 1, "content_type": 13}}, {"pk": 109, "model": "admin.logentry", "fields": {"action_flag": 1, "action_time": "2011-11-13 21:00:41", "object_repr": "Tijuana Gigolos", "object_id": "1", "change_message": "", "user": 1, "content_type": 15}}, {"pk": 108, "model": "admin.logentry", "fields": {"action_flag": 2, "action_time": "2011-11-12 17:27:16", "object_repr": "NA", "object_id": "2", "change_message": "Changed band_name.", "user": 1, "content_type": 15}}, {"pk": 107, "model": "admin.logentry", "fields": {"action_flag": 2, "action_time": "2011-11-12 17:03:09", "object_repr": "Bourbon Theatre", "object_id": "1", "change_message": "Changed email.", "user": 1, "content_type": 13}}, {"pk": 106, "model": "admin.logentry", "fields": {"action_flag": 2, "action_time": "2011-11-12 16:35:13", "object_repr": "The ZOO Bar", "object_id": "2", "change_message": "Changed venue_name.", "user": 1, "content_type": 13}}, {"pk": 105, "model": "admin.logentry", "fields": {"action_flag": 2, "action_time": "2011-11-12 16:00:44", "object_repr": "N/A", "object_id": "2", "change_message": "Changed band_website.", "user": 1, "content_type": 15}}, {"pk": 104, "model": "admin.logentry", "fields": {"action_flag": 2, "action_time": "2011-11-12 16:00:02", "object_repr": "ZOO Bar House Band, The", "object_id": "3", "change_message": "No fields changed.", "user": 1, "content_type": 15}}, {"pk": 103, "model": "admin.logentry", "fields": {"action_flag": 2, "action_time": "2011-11-12 15:59:48", "object_repr": "ZOO Bar House Band, The", "object_id": "3", "change_message": "Changed band_website.", "user": 1, "content_type": 15}}, {"pk": 102, "model": "admin.logentry", "fields": {"action_flag": 2, "action_time": "2011-11-12 15:57:12", "object_repr": "N/A", "object_id": "2", "change_message": "Changed genre_1, genre_2 and genre_3.", "user": 1, "content_type": 15}}, {"pk": 101, "model": "admin.logentry", "fields": {"action_flag": 2, "action_time": "2011-11-12 15:57:04", "object_repr": "ZOO Bar House Band, The", "object_id": "3", "change_message": "Changed genre_3.", "user": 1, "content_type": 15}}, {"pk": 100, "model": "admin.logentry", "fields": {"action_flag": 2, "action_time": "2011-11-12 15:57:00", "object_repr": "Jazzocracy, The", "object_id": "4", "change_message": "Changed genre_2 and genre_3.", "user": 1, "content_type": 15}}, {"pk": 99, "model": "admin.logentry", "fields": {"action_flag": 2, "action_time": "2011-11-12 15:56:55", "object_repr": "Time Hammer", "object_id": "5", "change_message": "No fields changed.", "user": 1, "content_type": 15}}, {"pk": 98, "model": "admin.logentry", "fields": {"action_flag": 2, "action_time": "2011-11-12 15:56:50", "object_repr": "Time Hammer", "object_id": "5", "change_message": "Changed genre_3.", "user": 1, "content_type": 15}}, {"pk": 97, "model": "admin.logentry", "fields": {"action_flag": 2, "action_time": "2011-11-12 15:56:45", "object_repr": "Sputnik Kaputnik & The Cherry Mashers", "object_id": "6", "change_message": "Changed genre_2 and genre_3.", "user": 1, "content_type": 15}}, {"pk": 96, "model": "admin.logentry", "fields": {"action_flag": 2, "action_time": "2011-11-12 15:56:40", "object_repr": "Solid Gold", "object_id": "7", "change_message": "No fields changed.", "user": 1, "content_type": 15}}, {"pk": 95, "model": "admin.logentry", "fields": {"action_flag": 2, "action_time": "2011-11-12 15:56:35", "object_repr": "Solid Gold", "object_id": "7", "change_message": "Changed genre_2 and genre_3.", "user": 1, "content_type": 15}}, {"pk": 94, "model": "admin.logentry", "fields": {"action_flag": 2, "action_time": "2011-11-12 15:56:28", "object_repr": "Funk Trek", "object_id": "8", "change_message": "No fields changed.", "user": 1, "content_type": 15}}, {"pk": 93, "model": "admin.logentry", "fields": {"action_flag": 2, "action_time": "2011-11-12 15:56:21", "object_repr": "Funk Trek", "object_id": "8", "change_message": "Changed genre_2 and genre_3.", "user": 1, "content_type": 15}}, {"pk": 92, "model": "admin.logentry", "fields": {"action_flag": 2, "action_time": "2011-11-12 15:56:07", "object_repr": "TEMPO", "object_id": "9", "change_message": "Changed genre_3.", "user": 1, "content_type": 15}}, {"pk": 91, "model": "admin.logentry", "fields": {"action_flag": 2, "action_time": "2011-11-12 15:55:56", "object_repr": "Sas", "object_id": "11", "change_message": "Changed genre_3.", "user": 1, "content_type": 15}}, {"pk": 90, "model": "admin.logentry", "fields": {"action_flag": 2, "action_time": "2011-11-12 15:55:50", "object_repr": "Academy of Rock", "object_id": "12", "change_message": "Changed genre_3.", "user": 1, "content_type": 15}}, {"pk": 89, "model": "admin.logentry", "fields": {"action_flag": 2, "action_time": "2011-11-12 15:55:46", "object_repr": "Betties, The", "object_id": "13", "change_message": "Changed genre_3.", "user": 1, "content_type": 15}}, {"pk": 88, "model": "admin.logentry", "fields": {"action_flag": 2, "action_time": "2011-11-12 15:55:33", "object_repr": "Speedsweat", "object_id": "14", "change_message": "Changed genre_3.", "user": 1, "content_type": 15}}, {"pk": 87, "model": "admin.logentry", "fields": {"action_flag": 2, "action_time": "2011-11-12 15:55:25", "object_repr": "Lil Slim Blues Band, The", "object_id": "15", "change_message": "Changed genre_2 and genre_3.", "user": 1, "content_type": 15}}, {"pk": 86, "model": "admin.logentry", "fields": {"action_flag": 2, "action_time": "2011-11-12 15:55:17", "object_repr": "Kris Lager Band", "object_id": "16", "change_message": "Changed genre_3.", "user": 1, "content_type": 15}}, {"pk": 85, "model": "admin.logentry", "fields": {"action_flag": 2, "action_time": "2011-11-12 15:55:10", "object_repr": "Magic Slim", "object_id": "17", "change_message": "Changed genre_2 and genre_3.", "user": 1, "content_type": 15}}, {"pk": 84, "model": "admin.logentry", "fields": {"action_flag": 2, "action_time": "2011-11-12 15:54:54", "object_repr": "Bottlerocket", "object_id": "19", "change_message": "Changed genre_3.", "user": 1, "content_type": 15}}, {"pk": 83, "model": "admin.logentry", "fields": {"action_flag": 2, "action_time": "2011-11-12 15:54:48", "object_repr": "UUVVWWZ", "object_id": "20", "change_message": "Changed genre_3.", "user": 1, "content_type": 15}}, {"pk": 82, "model": "admin.logentry", "fields": {"action_flag": 2, "action_time": "2011-11-12 15:54:41", "object_repr": "Talking Mountain", "object_id": "21", "change_message": "Changed genre_2 and genre_3.", "user": 1, "content_type": 15}}, {"pk": 81, "model": "admin.logentry", "fields": {"action_flag": 2, "action_time": "2011-11-12 15:54:35", "object_repr": "Powerful Science", "object_id": "22", "change_message": "Changed genre_3.", "user": 1, "content_type": 15}}, {"pk": 80, "model": "admin.logentry", "fields": {"action_flag": 2, "action_time": "2011-11-12 15:54:24", "object_repr": "FreakAbout", "object_id": "23", "change_message": "Changed genre_3.", "user": 1, "content_type": 15}}, {"pk": 79, "model": "admin.logentry", "fields": {"action_flag": 2, "action_time": "2011-11-12 15:54:16", "object_repr": "All My Friends Are Dinosaurs", "object_id": "24", "change_message": "Changed genre_2 and genre_3.", "user": 1, "content_type": 15}}, {"pk": 78, "model": "admin.logentry", "fields": {"action_flag": 2, "action_time": "2011-11-12 15:04:10", "object_repr": "Lonely Estates", "object_id": "25", "change_message": "Changed genre_3.", "user": 1, "content_type": 15}}, {"pk": 77, "model": "admin.logentry", "fields": {"action_flag": 1, "action_time": "2011-11-12 13:37:05", "object_repr": "Time Hammer, Dog, Sputnik Kaputnik", "object_id": "6", "change_message": "", "user": 1, "content_type": 14}}, {"pk": 76, "model": "admin.logentry", "fields": {"action_flag": 1, "action_time": "2011-11-12 13:35:15", "object_repr": "Blue Mondays", "object_id": "5", "change_message": "", "user": 1, "content_type": 14}}, {"pk": 75, "model": "admin.logentry", "fields": {"action_flag": 1, "action_time": "2011-11-12 13:30:05", "object_repr": "Bottlerocket Christmas Show", "object_id": "4", "change_message": "", "user": 1, "content_type": 14}}, {"pk": 74, "model": "admin.logentry", "fields": {"action_flag": 1, "action_time": "2011-11-12 13:29:24", "object_repr": "UUVVWWZ, Talking Mountain, Powerful Science", "object_id": "3", "change_message": "", "user": 1, "content_type": 14}}, {"pk": 73, "model": "admin.logentry", "fields": {"action_flag": 1, "action_time": "2011-11-12 13:28:34", "object_repr": "The Killigans Christmas Show", "object_id": "2", "change_message": "", "user": 1, "content_type": 14}}, {"pk": 72, "model": "admin.logentry", "fields": {"action_flag": 1, "action_time": "2011-11-12 13:27:40", "object_repr": "Freakabout, AMFAD, Lonely Estates", "object_id": "1", "change_message": "", "user": 1, "content_type": 14}}, {"pk": 71, "model": "admin.logentry", "fields": {"action_flag": 1, "action_time": "2011-11-12 13:22:36", "object_repr": "Knickerbockers", "object_id": "4", "change_message": "", "user": 1, "content_type": 13}}, {"pk": 70, "model": "admin.logentry", "fields": {"action_flag": 2, "action_time": "2011-11-12 13:20:18", "object_repr": "Lonely Estates", "object_id": "25", "change_message": "Changed genre_2.", "user": 1, "content_type": 15}}, {"pk": 69, "model": "admin.logentry", "fields": {"action_flag": 1, "action_time": "2011-11-12 13:19:11", "object_repr": "Lonely Estates", "object_id": "25", "change_message": "", "user": 1, "content_type": 15}}, {"pk": 68, "model": "admin.logentry", "fields": {"action_flag": 1, "action_time": "2011-11-12 13:18:18", "object_repr": "All My Friends Are Dinosaurs", "object_id": "24", "change_message": "", "user": 1, "content_type": 15}}, {"pk": 67, "model": "admin.logentry", "fields": {"action_flag": 1, "action_time": "2011-11-12 13:11:49", "object_repr": "FreakAbout", "object_id": "23", "change_message": "", "user": 1, "content_type": 15}}, {"pk": 66, "model": "admin.logentry", "fields": {"action_flag": 1, "action_time": "2011-11-12 13:07:19", "object_repr": "Powerful Science", "object_id": "22", "change_message": "", "user": 1, "content_type": 15}}, {"pk": 65, "model": "admin.logentry", "fields": {"action_flag": 1, "action_time": "2011-11-12 13:05:31", "object_repr": "Talking Mountain", "object_id": "21", "change_message": "", "user": 1, "content_type": 15}}, {"pk": 64, "model": "admin.logentry", "fields": {"action_flag": 1, "action_time": "2011-11-12 13:02:41", "object_repr": "UUVVWWZ", "object_id": "20", "change_message": "", "user": 1, "content_type": 15}}, {"pk": 63, "model": "admin.logentry", "fields": {"action_flag": 1, "action_time": "2011-11-12 12:57:46", "object_repr": "Bottlerocket", "object_id": "19", "change_message": "", "user": 1, "content_type": 15}}, {"pk": 62, "model": "admin.logentry", "fields": {"action_flag": 1, "action_time": "2011-11-12 12:53:48", "object_repr": "Killigans, The", "object_id": "18", "change_message": "", "user": 1, "content_type": 15}}, {"pk": 61, "model": "admin.logentry", "fields": {"action_flag": 1, "action_time": "2011-11-12 12:51:50", "object_repr": "Magic Slim", "object_id": "17", "change_message": "", "user": 1, "content_type": 15}}, {"pk": 60, "model": "admin.logentry", "fields": {"action_flag": 2, "action_time": "2011-11-12 12:51:13", "object_repr": "Kris Lager Band", "object_id": "16", "change_message": "Changed band_website.", "user": 1, "content_type": 15}}, {"pk": 59, "model": "admin.logentry", "fields": {"action_flag": 1, "action_time": "2011-11-12 12:50:58", "object_repr": "Kris Lager Band", "object_id": "16", "change_message": "", "user": 1, "content_type": 15}}, {"pk": 58, "model": "admin.logentry", "fields": {"action_flag": 1, "action_time": "2011-11-12 12:50:04", "object_repr": "Lil Slim Blues Band, The", "object_id": "15", "change_message": "", "user": 1, "content_type": 15}}, {"pk": 57, "model": "admin.logentry", "fields": {"action_flag": 1, "action_time": "2011-11-12 12:45:49", "object_repr": "Speedsweat", "object_id": "14", "change_message": "", "user": 1, "content_type": 15}}, {"pk": 56, "model": "admin.logentry", "fields": {"action_flag": 1, "action_time": "2011-11-12 12:43:37", "object_repr": "Betties, The", "object_id": "13", "change_message": "", "user": 1, "content_type": 15}}, {"pk": 55, "model": "admin.logentry", "fields": {"action_flag": 1, "action_time": "2011-11-12 12:39:58", "object_repr": "Academy of Rock", "object_id": "12", "change_message": "", "user": 1, "content_type": 15}}, {"pk": 54, "model": "admin.logentry", "fields": {"action_flag": 1, "action_time": "2011-11-12 12:36:08", "object_repr": "Sas", "object_id": "11", "change_message": "", "user": 1, "content_type": 15}}, {"pk": 53, "model": "admin.logentry", "fields": {"action_flag": 1, "action_time": "2011-11-12 12:34:52", "object_repr": "Tsumi", "object_id": "10", "change_message": "", "user": 1, "content_type": 15}}, {"pk": 52, "model": "admin.logentry", "fields": {"action_flag": 2, "action_time": "2011-11-12 12:33:43", "object_repr": "TEMPO", "object_id": "9", "change_message": "Changed genre_2.", "user": 1, "content_type": 15}}, {"pk": 51, "model": "admin.logentry", "fields": {"action_flag": 1, "action_time": "2011-11-12 12:32:27", "object_repr": "TEMPO", "object_id": "9", "change_message": "", "user": 1, "content_type": 15}}, {"pk": 50, "model": "admin.logentry", "fields": {"action_flag": 1, "action_time": "2011-11-12 12:27:39", "object_repr": "Funk Trek", "object_id": "8", "change_message": "", "user": 1, "content_type": 15}}, {"pk": 49, "model": "admin.logentry", "fields": {"action_flag": 1, "action_time": "2011-11-12 12:23:55", "object_repr": "Solid Gold", "object_id": "7", "change_message": "", "user": 1, "content_type": 15}}, {"pk": 48, "model": "admin.logentry", "fields": {"action_flag": 1, "action_time": "2011-11-12 12:21:15", "object_repr": "Sputnik Kaputnik & The Cherry Mashers", "object_id": "6", "change_message": "", "user": 1, "content_type": 15}}, {"pk": 47, "model": "admin.logentry", "fields": {"action_flag": 1, "action_time": "2011-11-12 12:18:23", "object_repr": "Time Hammer", "object_id": "5", "change_message": "", "user": 1, "content_type": 15}}, {"pk": 46, "model": "admin.logentry", "fields": {"action_flag": 1, "action_time": "2011-11-12 12:14:55", "object_repr": "Jazzocracy, The", "object_id": "4", "change_message": "", "user": 1, "content_type": 15}}, {"pk": 45, "model": "admin.logentry", "fields": {"action_flag": 1, "action_time": "2011-11-12 12:14:18", "object_repr": "ZOO Bar House Band, The", "object_id": "3", "change_message": "", "user": 1, "content_type": 15}}, {"pk": 44, "model": "admin.logentry", "fields": {"action_flag": 3, "action_time": "2011-11-12 11:00:27", "object_repr": "Machete Archive, The", "object_id": "1", "change_message": "", "user": 1, "content_type": 15}}, {"pk": 43, "model": "admin.logentry", "fields": {"action_flag": 3, "action_time": "2011-11-12 11:00:27", "object_repr": "Mezcal Brothers, The", "object_id": "3", "change_message": "", "user": 1, "content_type": 15}}, {"pk": 42, "model": "admin.logentry", "fields": {"action_flag": 3, "action_time": "2011-11-12 11:00:27", "object_repr": "Monophonics", "object_id": "4", "change_message": "", "user": 1, "content_type": 15}}, {"pk": 41, "model": "admin.logentry", "fields": {"action_flag": 3, "action_time": "2011-11-12 11:00:15", "object_repr": "Rockin' Thanksgiving", "object_id": "1", "change_message": "", "user": 1, "content_type": 14}}, {"pk": 40, "model": "admin.logentry", "fields": {"action_flag": 3, "action_time": "2011-11-12 11:00:15", "object_repr": "Gigapalooza", "object_id": "2", "change_message": "", "user": 1, "content_type": 14}}, {"pk": 39, "model": "admin.logentry", "fields": {"action_flag": 3, "action_time": "2011-11-12 11:00:15", "object_repr": "Another Event!", "object_id": "3", "change_message": "", "user": 1, "content_type": 14}}, {"pk": 38, "model": "admin.logentry", "fields": {"action_flag": 1, "action_time": "2011-11-08 20:32:07", "object_repr": "Monophonics", "object_id": "4", "change_message": "", "user": 1, "content_type": 15}}, {"pk": 37, "model": "admin.logentry", "fields": {"action_flag": 1, "action_time": "2011-11-08 20:31:20", "object_repr": "Mezcal Brothers, The", "object_id": "3", "change_message": "", "user": 1, "content_type": 15}}, {"pk": 36, "model": "admin.logentry", "fields": {"action_flag": 1, "action_time": "2011-11-08 20:11:36", "object_repr": "Another Event!", "object_id": "3", "change_message": "", "user": 1, "content_type": 14}}, {"pk": 35, "model": "admin.logentry", "fields": {"action_flag": 1, "action_time": "2011-11-08 19:50:02", "object_repr": "Gigapalooza", "object_id": "2", "change_message": "", "user": 1, "content_type": 14}}, {"pk": 34, "model": "admin.logentry", "fields": {"action_flag": 1, "action_time": "2011-11-08 19:42:55", "object_repr": "Rockin' Thanksgiving", "object_id": "1", "change_message": "", "user": 1, "content_type": 14}}, {"pk": 33, "model": "admin.logentry", "fields": {"action_flag": 3, "action_time": "2011-11-06 15:46:47", "object_repr": "Blah", "object_id": "1", "change_message": "", "user": 1, "content_type": 14}}, {"pk": 32, "model": "admin.logentry", "fields": {"action_flag": 1, "action_time": "2011-11-06 15:46:29", "object_repr": "Blah", "object_id": "1", "change_message": "", "user": 1, "content_type": 14}}, {"pk": 31, "model": "admin.logentry", "fields": {"action_flag": 1, "action_time": "2011-11-06 15:45:36", "object_repr": "N/A", "object_id": "2", "change_message": "", "user": 1, "content_type": 15}}, {"pk": 30, "model": "admin.logentry", "fields": {"action_flag": 2, "action_time": "2011-11-06 15:31:17", "object_repr": "Machete Archive, The", "object_id": "1", "change_message": "Changed genre_2, genre_3 and band_website.", "user": 1, "content_type": 15}}, {"pk": 29, "model": "admin.logentry", "fields": {"action_flag": 2, "action_time": "2011-11-06 15:28:47", "object_repr": "ZOO Bar, The", "object_id": "2", "change_message": "Changed zip_code.", "user": 1, "content_type": 13}}, {"pk": 28, "model": "admin.logentry", "fields": {"action_flag": 2, "action_time": "2011-11-06 15:28:34", "object_repr": "Bourbon Theatre", "object_id": "1", "change_message": "Changed zip_code.", "user": 1, "content_type": 13}}, {"pk": 27, "model": "admin.logentry", "fields": {"action_flag": 1, "action_time": "2011-11-06 15:28:12", "object_repr": "Duffy's Tavern", "object_id": "3", "change_message": "", "user": 1, "content_type": 13}}, {"pk": 26, "model": "admin.logentry", "fields": {"action_flag": 2, "action_time": "2011-11-06 15:26:57", "object_repr": "Bourbon Theatre", "object_id": "1", "change_message": "Changed street_address, phone, email and venue_website.", "user": 1, "content_type": 13}}, {"pk": 25, "model": "admin.logentry", "fields": {"action_flag": 2, "action_time": "2011-11-06 15:24:38", "object_repr": "ZOO Bar, The", "object_id": "2", "change_message": "Changed venue_name.", "user": 1, "content_type": 13}}, {"pk": 24, "model": "admin.logentry", "fields": {"action_flag": 1, "action_time": "2011-11-06 15:24:20", "object_repr": "The ZOO Bar", "object_id": "2", "change_message": "", "user": 1, "content_type": 13}}, {"pk": 23, "model": "admin.logentry", "fields": {"action_flag": 3, "action_time": "2011-11-01 21:05:24", "object_repr": "Halloween at the Bourbon", "object_id": "1", "change_message": "", "user": 1, "content_type": 14}}, {"pk": 22, "model": "admin.logentry", "fields": {"action_flag": 1, "action_time": "2011-11-01 21:04:36", "object_repr": "Halloween at the Bourbon", "object_id": "1", "change_message": "", "user": 1, "content_type": 14}}, {"pk": 21, "model": "admin.logentry", "fields": {"action_flag": 1, "action_time": "2011-11-01 21:04:24", "object_repr": "Bourbon Theatre", "object_id": "1", "change_message": "", "user": 1, "content_type": 13}}, {"pk": 20, "model": "admin.logentry", "fields": {"action_flag": 1, "action_time": "2011-11-01 21:03:37", "object_repr": "Machete Archive, The", "object_id": "1", "change_message": "", "user": 1, "content_type": 15}}, {"pk": 19, "model": "admin.logentry", "fields": {"action_flag": 1, "action_time": "2011-10-30 20:21:02", "object_repr": "Machete Archive, The", "object_id": "1", "change_message": "", "user": 1, "content_type": 15}}, {"pk": 18, "model": "admin.logentry", "fields": {"action_flag": 1, "action_time": "2011-10-30 20:12:14", "object_repr": "Halloween at The Bourbon", "object_id": "1", "change_message": "", "user": 1, "content_type": 14}}, {"pk": 17, "model": "admin.logentry", "fields": {"action_flag": 1, "action_time": "2011-10-30 20:11:29", "object_repr": "Bourbon Theatre", "object_id": "3", "change_message": "", "user": 1, "content_type": 13}}, {"pk": 16, "model": "admin.logentry", "fields": {"action_flag": 3, "action_time": "2011-10-30 20:10:52", "object_repr": "bourbon", "object_id": "1", "change_message": "", "user": 1, "content_type": 13}}, {"pk": 15, "model": "admin.logentry", "fields": {"action_flag": 1, "action_time": "2011-10-30 20:10:40", "object_repr": "ZOO Bar", "object_id": "2", "change_message": "", "user": 1, "content_type": 13}}, {"pk": 14, "model": "admin.logentry", "fields": {"action_flag": 1, "action_time": "2011-10-30 18:42:42", "object_repr": "Halloween at The Bourbon", "object_id": "1", "change_message": "", "user": 1, "content_type": 14}}, {"pk": 13, "model": "admin.logentry", "fields": {"action_flag": 1, "action_time": "2011-10-30 18:42:08", "object_repr": "Machete Archive, The", "object_id": "1", "change_message": "", "user": 1, "content_type": 15}}, {"pk": 12, "model": "admin.logentry", "fields": {"action_flag": 3, "action_time": "2011-10-30 18:40:19", "object_repr": "Machete Archive, The", "object_id": "1", "change_message": "", "user": 1, "content_type": 15}}, {"pk": 11, "model": "admin.logentry", "fields": {"action_flag": 3, "action_time": "2011-10-30 18:40:19", "object_repr": "Machete Archive, The", "object_id": "2", "change_message": "", "user": 1, "content_type": 15}}, {"pk": 10, "model": "admin.logentry", "fields": {"action_flag": 1, "action_time": "2011-10-30 18:40:10", "object_repr": "Machete Archive, The", "object_id": "2", "change_message": "", "user": 1, "content_type": 15}}, {"pk": 9, "model": "admin.logentry", "fields": {"action_flag": 1, "action_time": "2011-10-30 05:09:10", "object_repr": "Halloween at The Bourbon", "object_id": "1", "change_message": "", "user": 1, "content_type": 14}}, {"pk": 8, "model": "admin.logentry", "fields": {"action_flag": 1, "action_time": "2011-10-30 05:09:08", "object_repr": "bourbon", "object_id": "1", "change_message": "", "user": 1, "content_type": 13}}, {"pk": 7, "model": "admin.logentry", "fields": {"action_flag": 1, "action_time": "2011-10-30 05:08:48", "object_repr": "Machete Archive, The", "object_id": "1", "change_message": "", "user": 1, "content_type": 15}}, {"pk": 6, "model": "admin.logentry", "fields": {"action_flag": 3, "action_time": "2011-10-30 05:01:21", "object_repr": "bourbon", "object_id": "1", "change_message": "", "user": 1, "content_type": 13}}, {"pk": 5, "model": "admin.logentry", "fields": {"action_flag": 1, "action_time": "2011-10-30 05:01:15", "object_repr": "bourbon", "object_id": "2", "change_message": "", "user": 1, "content_type": 13}}, {"pk": 4, "model": "admin.logentry", "fields": {"action_flag": 1, "action_time": "2011-10-30 04:54:09", "object_repr": "bourbon", "object_id": "1", "change_message": "", "user": 1, "content_type": 13}}, {"pk": 3, "model": "admin.logentry", "fields": {"action_flag": 1, "action_time": "2011-10-30 04:53:40", "object_repr": "Machete Archive, The", "object_id": "1", "change_message": "", "user": 1, "content_type": 15}}, {"pk": 2, "model": "admin.logentry", "fields": {"action_flag": 3, "action_time": "2011-10-30 04:52:39", "object_repr": "The Machete Archive", "object_id": "1", "change_message": "", "user": 1, "content_type": 15}}, {"pk": 1, "model": "admin.logentry", "fields": {"action_flag": 1, "action_time": "2011-10-30 04:52:29", "object_repr": "The Machete Archive", "object_id": "1", "change_message": "", "user": 1, "content_type": 15}}, {"pk": 46, "model": "auth.permission", "fields": {"codename": "add_logentry", "name": "Can add log entry", "content_type": 16}}, {"pk": 47, "model": "auth.permission", "fields": {"codename": "change_logentry", "name": "Can change log entry", "content_type": 16}}, {"pk": 48, "model": "auth.permission", "fields": {"codename": "delete_logentry", "name": "Can delete log entry", "content_type": 16}}, {"pk": 4, "model": "auth.permission", "fields": {"codename": "add_group", "name": "Can add group", "content_type": 2}}, {"pk": 5, "model": "auth.permission", "fields": {"codename": "change_group", "name": "Can change group", "content_type": 2}}, {"pk": 6, "model": "auth.permission", "fields": {"codename": "delete_group", "name": "Can delete group", "content_type": 2}}, {"pk": 10, "model": "auth.permission", "fields": {"codename": "add_message", "name": "Can add message", "content_type": 4}}, {"pk": 11, "model": "auth.permission", "fields": {"codename": "change_message", "name": "Can change message", "content_type": 4}}, {"pk": 12, "model": "auth.permission", "fields": {"codename": "delete_message", "name": "Can delete message", "content_type": 4}}, {"pk": 1, "model": "auth.permission", "fields": {"codename": "add_permission", "name": "Can add permission", "content_type": 1}}, {"pk": 2, "model": "auth.permission", "fields": {"codename": "change_permission", "name": "Can change permission", "content_type": 1}}, {"pk": 3, "model": "auth.permission", "fields": {"codename": "delete_permission", "name": "Can delete permission", "content_type": 1}}, {"pk": 7, "model": "auth.permission", "fields": {"codename": "add_user", "name": "Can add user", "content_type": 3}}, {"pk": 8, "model": "auth.permission", "fields": {"codename": "change_user", "name": "Can change user", "content_type": 3}}, {"pk": 9, "model": "auth.permission", "fields": {"codename": "delete_user", "name": "Can delete user", "content_type": 3}}, {"pk": 13, "model": "auth.permission", "fields": {"codename": "add_contenttype", "name": "Can add content type", "content_type": 5}}, {"pk": 14, "model": "auth.permission", "fields": {"codename": "change_contenttype", "name": "Can change content type", "content_type": 5}}, {"pk": 15, "model": "auth.permission", "fields": {"codename": "delete_contenttype", "name": "Can delete content type", "content_type": 5}}, {"pk": 16, "model": "auth.permission", "fields": {"codename": "add_session", "name": "Can add session", "content_type": 6}}, {"pk": 17, "model": "auth.permission", "fields": {"codename": "change_session", "name": "Can change session", "content_type": 6}}, {"pk": 18, "model": "auth.permission", "fields": {"codename": "delete_session", "name": "Can delete session", "content_type": 6}}, {"pk": 43, "model": "auth.permission", "fields": {"codename": "add_band", "name": "Can add band", "content_type": 15}}, {"pk": 44, "model": "auth.permission", "fields": {"codename": "change_band", "name": "Can change band", "content_type": 15}}, {"pk": 45, "model": "auth.permission", "fields": {"codename": "delete_band", "name": "Can delete band", "content_type": 15}}, {"pk": 40, "model": "auth.permission", "fields": {"codename": "add_event", "name": "Can add event", "content_type": 14}}, {"pk": 41, "model": "auth.permission", "fields": {"codename": "change_event", "name": "Can change event", "content_type": 14}}, {"pk": 42, "model": "auth.permission", "fields": {"codename": "delete_event", "name": "Can delete event", "content_type": 14}}, {"pk": 49, "model": "auth.permission", "fields": {"codename": "add_genre", "name": "Can add genre", "content_type": 17}}, {"pk": 50, "model": "auth.permission", "fields": {"codename": "change_genre", "name": "Can change genre", "content_type": 17}}, {"pk": 51, "model": "auth.permission", "fields": {"codename": "delete_genre", "name": "Can delete genre", "content_type": 17}}, {"pk": 37, "model": "auth.permission", "fields": {"codename": "add_venue", "name": "Can add venue", "content_type": 13}}, {"pk": 38, "model": "auth.permission", "fields": {"codename": "change_venue", "name": "Can change venue", "content_type": 13}}, {"pk": 39, "model": "auth.permission", "fields": {"codename": "delete_venue", "name": "Can delete venue", "content_type": 13}}, {"pk": 19, "model": "auth.permission", "fields": {"codename": "add_site", "name": "Can add site", "content_type": 7}}, {"pk": 20, "model": "auth.permission", "fields": {"codename": "change_site", "name": "Can change site", "content_type": 7}}, {"pk": 21, "model": "auth.permission", "fields": {"codename": "delete_site", "name": "Can delete site", "content_type": 7}}, {"pk": 1, "model": "auth.user", "fields": {"username": "littlechalupa", "first_name": "", "last_name": "", "is_active": true, "is_superuser": true, "is_staff": true, "last_login": "2011-12-01 20:07:14", "groups": [], "user_permissions": [], "password": "sha1$6de3b$6bbb3950d32c22bb20ee23f0576e950e24ac5e9c", "email": "eileen.chalupa@gmail.com", "date_joined": "2011-10-25 22:30:01"}}]